t,x,y
22.266,-4.2916778218369895e-18,0.0
22.299,-4.2993351872653435e-18,0.0
22.333,-4.307369926966436e-18,0.0
22.366,-4.3212631585110046e-18,0.0
22.399,-4.331097923451435e-18,0.0
22.433,-4.3460056825572164e-18,0.0
22.466,-4.355820316242663e-18,0.0
22.499,-4.365680148045859e-18,0.0
22.533,-4.373499096034413e-18,0.0
22.566,-4.379885169263719e-18,0.0
22.599,-4.3875296257158685e-18,0.0
22.633,-4.3977890398268336e-18,0.0
22.666,-4.406313339353215e-18,0.0
22.699,-4.412690016074441e-18,0.0
22.733,-4.420927150988583e-18,0.0
22.766,-4.43070419733865e-18,0.0
22.799,-4.435015920890253e-18,0.0
22.833,-4.437338172320405e-18,0.0
22.865,-4.4455581763786366e-18,0.0
22.899,-4.4498801062322144e-18,0.0
22.933,-4.4576713938509265e-18,0.0
22.966,-4.469805585335623e-18,0.0
22.999,-4.479189634102944e-18,0.0
23.033,-4.489972203571524e-18,0.0
23.066,-4.501452795426059e-18,0.0
23.099,-4.506862415041874e-18,0.0
23.133,-4.514251805456556e-18,0.0
23.166,-4.524746774361153e-18,0.0
23.199,-4.533556623454244e-18,0.0
23.233,-4.543742695962572e-18,0.0
23.266,-4.5559855616635156e-18,0.0
23.299,-4.5627015601878064e-18,0.0
23.333,-4.5735083036529514e-18,0.0
23.366,-4.580616606745603e-18,0.0
23.399,-4.589318223778065e-18,0.0
23.433,-4.5972807471600475e-18,0.0
23.466,-4.609269408612287e-18,0.0
23.499,-4.622017122478415e-18,0.0
23.533,-4.631269116910299e-18,0.0
23.566,-4.640392578887041e-18,0.0
23.599,-4.646631324469403e-18,0.0
23.633,-4.655080246928881e-18,0.0
23.666,-4.663782803743782e-18,0.0
23.699,-4.676438771745066e-18,0.0
23.733,-4.686256684526944e-18,0.0
23.766,-4.695022467452392e-18,0.0
23.799,-4.70284097510699e-18,0.0
23.833,-4.7052670098872535e-18,0.0
23.866,-4.712064359443942e-18,0.0
23.899,-4.7177602199409685e-18,0.0
23.933,-4.727492734442633e-18,0.0
23.966,-4.737470713087008e-18,0.0
23.999,-4.74265217876182e-18,0.0
24.032,-4.748806077491011e-18,0.0
24.066,-4.756216710856625e-18,0.0
24.099,-4.765909038662271e-18,0.0
24.133,-4.775003200710287e-18,0.0
24.166,-4.787227725837391e-18,0.0
24.199,-4.798108099703015e-18,0.0
24.232,-4.809210002331493e-18,0.0
24.266,-4.818937026543073e-18,0.0
24.299,-4.827757874985575e-18,0.0
24.331,-4.837100285111531e-18,0.0
24.364,-4.847008596363139e-18,0.0
24.398,-4.864814824877368e-18,0.0
24.431,-4.8766844327450036e-18,0.0
24.464,-4.884974440132017e-18,0.0
24.498,-4.891364420671139e-18,0.0
24.533,-4.898456327448406e-18,0.0
24.566,-4.9054330694513505e-18,0.0
24.597,-4.9117789380432325e-18,0.0
24.633,-4.923154629971236e-18,0.0
24.666,-4.93329983703329e-18,0.0
24.699,-4.9435305777674184e-18,0.0
24.733,-4.94989144874861e-18,0.0
24.766,-4.95519773119537e-18,0.0
24.799,-4.9614326958835944e-18,0.0
24.833,-4.97065378255186e-18,0.0
24.866,-4.977727771990011e-18,0.0
24.899,-4.9844550713458594e-18,0.0
24.933,-4.991596331265857e-18,0.0
24.966,-5.003852552033055e-18,0.0
24.999,-5.011897789563663e-18,0.0
25.033,-5.019173702621522e-18,0.0
25.066,-5.022253529880201e-18,0.0
25.099,-5.025580496218911e-18,0.0
25.133,-5.0299231760420155e-18,0.0
25.166,-5.0352501464798354e-18,0.0
25.199,-5.039966312628283e-18,0.0
25.233,-5.047359733496288e-18,0.0
25.266,-5.05536040355208e-18,0.0
25.299,-5.068964761582271e-18,0.0
25.333,-5.0803076390662506e-18,0.0
25.366,-5.089821763593808e-18,0.0
25.399,-5.0977697643140195e-18,0.0
25.434,-5.1078527586838625e-18,0.0
25.466,-5.118919343229354e-18,0.0
25.499,-5.131182680107837e-18,0.0
25.533,-5.141265412860253e-18,0.0
25.566,-5.151737847028629e-18,0.0
25.599,-5.1578556523107324e-18,0.0
25.633,-5.163157033369865e-18,0.0
25.666,-5.169135363762518e-18,0.0
25.699,-5.175449743360651e-18,0.0
25.733,-5.18426662894747e-18,0.0
25.766,-5.192119015734949e-18,0.0
25.799,-5.201326005603587e-18,0.0
25.833,-5.209566089455462e-18,0.0
25.866,-5.215645353698231e-18,0.0
25.899,-5.224815696002808e-18,0.0
25.933,-5.231297464790921e-18,0.0
25.966,-5.240061777613547e-18,0.0
25.999,-5.250245631143158e-18,0.0
26.033,-5.261837449340761e-18,0.0
26.066,-5.265826479882533e-18,0.0
26.099,-5.2708337020320776e-18,0.0
26.133,-5.277484541560484e-18,0.0
26.166,-5.2875333807901646e-18,0.0
26.199,-5.297580260680367e-18,0.0
26.233,-5.310466195111497e-18,0.0
26.266,-5.321370671147641e-18,0.0
26.299,-5.329645909898909e-18,0.0
26.333,-5.336183048141686e-18,0.0
26.366,-5.338719317756565e-18,0.0
26.399,-5.343980773770983e-18,0.0
26.433,-5.34971983892773e-18,0.0
26.466,-5.3557996916194175e-18,0.0
26.499,-5.363743231747594e-18,0.0
26.533,-5.374895003369085e-18,0.0
26.566,-5.389961315843983e-18,0.0
26.599,-5.396933920458677e-18,0.0
26.633,-5.406126659955674e-18,0.0
26.666,-5.4158485739905025e-18,0.0
26.699,-5.423055896659366e-18,0.0
26.733,-5.428907535807377e-18,0.0
26.766,-5.436677281553988e-18,0.0
26.799,-5.445267802128646e-18,0.0
26.833,-5.458164223854575e-18,0.0
26.866,-5.468375204033685e-18,0.0
26.899,-5.478830118366332e-18,0.0
26.933,-5.49324131348235e-18,0.0
26.966,-5.498988381030674e-18,0.0
26.999,-5.507532493975434e-18,0.0
27.033,-5.5154201757568386e-18,0.0
27.066,-5.525826321940717e-18,0.0
27.099,-5.531468746033858e-18,0.0
27.133,-5.543049567575964e-18,0.0
27.166,-5.548157952570072e-18,0.0
27.199,-5.5599858423009954e-18,0.0
27.233,-5.562257547349222e-18,0.0
27.266,-5.5671142616808265e-18,0.0
27.299,-5.573783849827322e-18,0.0
27.333,-5.582619327528261e-18,0.0
27.366,-5.585345257211795e-18,0.0
27.399,-5.5929627807590975e-18,0.0
27.433,-5.601857933357847e-18,0.0
27.466,-5.6078847751739445e-18,0.0
27.499,-5.614612355663197e-18,0.0
27.533,-5.622162777236187e-18,0.0
27.565,-5.631456695549528e-18,0.0
27.598,-5.64061969858877e-18,0.0
27.632,-5.645166822277729e-18,0.0
27.666,-5.648904929841597e-18,0.0
27.699,0.00814611536845931,0.0
27.733,0.02810124044347211,0.0
27.765,0.054450955033344434,0.0
27.796,0.08381275690275637,0.0
27.833,0.11852418889841224,0.0
27.865,0.15451725362713248,0.0
27.898,0.1925563800713869,0.0
27.931,0.2314409074859376,0.0
27.966,0.27205973138517975,0.0
27.996,0.30942967225739126,0.0
28.033,0.35087060234152934,0.0
28.066,0.3909872260930934,0.0
28.095,0.4278791143673955,0.0
28.133,0.469860095306069,0.0
28.166,0.5103917390418626,0.0
28.199,0.5503642200511346,0.0
28.233,0.5904346449406921,0.0
28.266,0.630165022420688,0.0
28.299,0.669587143511799,0.0
28.333,0.7098102071616121,0.0
28.366,0.7496278993976553,0.0
28.399,0.788855901570274,0.0
28.433,0.8289449478088515,0.0
28.466,0.8685212015227672,0.0
28.499,0.9080854960860439,0.0
28.533,0.9483795903978823,0.0
28.566,0.9878444774667965,0.0
28.599,1.027342979781904,0.0
28.633,1.0674307812575767,0.0
28.666,1.1072037434159103,0.0
28.699,1.1468726270382392,0.0
28.733,1.1868193852558537,0.0
28.766,1.2265147604409232,0.0
28.799,1.2659839621356264,0.0
28.833,1.3062147738712109,0.0
28.866,1.3460663558298105,0.0
28.899,1.3854149830606435,0.0
28.933,1.4255693888288645,0.0
28.966,1.465246707556807,0.0
28.999,1.5048559846072878,0.0
29.033,1.545178790727169,0.0
29.066,1.5847405603461562,0.0
29.099,1.6242753244196757,0.0
29.133,1.6644537686914167,0.0
29.166,1.7042711728747606,0.0
29.199,1.7439585764438117,0.0
29.233,1.7840015963956288,0.0
29.266,1.8237230106168236,0.0
29.299,1.8632769749318463,0.0
29.333,1.9029855166040708,0.0
29.366,1.9424379029930667,0.0
29.399,1.9816210892713357,0.0
29.433,2.0217109275976677,0.0
29.466,2.06144564423277,0.0
29.499,2.1006020015682796,0.0
29.533,2.1406315974293646,0.0
29.566,2.180135114781687,0.0
29.599,2.2196570047816966,0.0
29.633,2.259918759779195,0.0
29.666,2.2993729728436207,0.0
29.699,2.3388192147837032,0.0
29.733,2.3788582373990304,0.0
29.766,2.41858814960959,0.0
29.799,2.458239548766426,0.0
29.833,2.4982058971260486,0.0
29.866,2.537853138797887,0.0
29.899,2.5772918162925036,0.0
29.933,2.6175332329999264,0.0
29.966,2.657389588287619,0.0
29.999,2.6967534406678584,0.0
30.033,2.736949617242414,0.0
30.066,2.776647956362498,0.0
30.099,2.8162634124092976,0.0
30.133,2.8565902205197276,0.0
30.166,2.896175706551759,0.0
30.199,2.9356828952545655,0.0
30.233,2.9758233407132524,0.0
30.266,3.015624601079076,0.0
30.299,3.0553044679635573,0.0
30.333,3.0953106072786536,0.0
30.366,3.1350150710863027,0.0
30.399,3.1745496022441335,0.0
30.433,3.2148350659019824,0.0
30.466,3.2547087748499237,0.0
30.499,3.2941100916437813,0.0
30.533,3.3343273672800993,0.0
30.566,3.374082068295661,0.0
30.599,3.413196320930247,0.0
30.633,3.453184682094141,0.0
30.666,3.492617079198442,0.0
30.699,3.532069137142423,0.0
30.732,3.571559154389049,0.0
30.766,3.6113896824094396,0.0
30.799,3.6510097573495566,0.0
30.831,3.6896584398407084,0.0
30.866,3.7302655032841883,0.0
30.899,3.770254499857683,0.0
30.933,3.810282942481546,0.0
30.966,3.8499771719314433,0.0
30.999,3.889435209092124,0.0
31.032,3.9289275728282966,0.0
31.066,3.9692042623486996,0.0
31.097,4.007306850551677,0.0
31.133,4.048384176675668,0.0
31.165,4.087690844695556,0.0
31.199,4.127844860036364,0.0
31.233,4.168386113048619,0.0
31.265,4.207296756021167,0.0
31.299,4.2472498710683295,0.0
31.333,4.287562419791241,0.0
31.366,4.327425709841848,0.0
31.399,4.367130748056487,0.0
31.433,4.407138971504195,0.0
31.465,4.446143851823129,0.0
31.499,4.486112403350403,0.0
31.533,4.526562030887875,0.0
31.566,4.566501480864027,0.0
31.599,4.605927939191688,0.0
31.633,4.646131987777608,0.0
31.666,4.685874987029309,0.0
31.699,4.724959774967718,0.0
31.733,4.764836596258013,0.0
31.766,4.804175378098648,0.0
31.799,4.843617701270784,0.0
31.833,4.883807575845392,0.0
31.866,4.923138181525815,0.0
31.899,4.9625202359382,0.0
31.933,5.00247072559628,0.0
31.966,5.042160199676508,0.0
31.999,5.081761525224868,0.0
32.033,5.121619964124519,0.0
32.066,5.161256717244106,0.0
32.099,5.200659001781883,0.0
32.133,5.240860410571687,0.0
32.166,5.28069562640818,0.0
32.199,5.319977048727054,0.0
32.233,5.360081798791993,0.0
32.266,5.3996979863182535,0.0
32.299,5.439276371315765,0.0
32.333,5.479587515842663,0.0
32.366,5.519103081916616,0.0
32.399,5.558613624614451,0.0
32.433,5.598741690437549,0.0
32.466,5.638529270693684,0.0
32.499,5.678203986448741,0.0
32.533,5.718237496548573,0.0
32.566,5.757959467023893,0.0
32.598,5.79675836637743,0.0
32.633,5.837452824068855,0.0
32.666,5.877490262446697,0.0
32.699,5.916947237955927,0.0
32.733,5.9571508344885435,0.0
32.766,5.996880795460369,0.0
32.799,6.036515855803669,0.0
32.833,6.076849634724326,0.0
32.866,6.11644655642916,0.0
32.899,6.155990171448275,0.0
32.933,6.1961966951990455,0.0
32.966,6.23549375221768,0.0
32.999,6.274766630007717,0.0
33.033,6.3146319973517535,0.0
33.066,6.354255628017931,0.0
33.099,6.3938121387712314,0.0
33.133,6.433602087578214,0.0
33.166,6.473163229293567,0.0
33.199,6.512495760714015,0.0
33.233,6.552688667093907,0.0
33.266,6.592505668243005,0.0
33.299,6.631819466839673,0.0
33.333,6.671990156093139,0.0
33.366,6.711622032715857,0.0
33.399,6.7511968200668,0.0
33.433,6.791506429398351,0.0
33.466,6.831017126729187,0.0
33.499,6.870522789721768,0.0
33.533,6.910613009114206,0.0
33.566,6.950379665743781,0.0
33.599,6.990046100313069,0.0
33.633,7.029998033735971,0.0
33.666,7.069672299178253,0.0
33.699,7.109143600662007,0.0
33.733,7.149399875048325,0.0
33.766,7.189262126534359,0.0
33.799,7.228632448681887,0.0
33.833,7.268833456754335,0.0
33.866,7.308533308663025,0.0
33.899,7.348145171566666,0.0
33.933,7.38846968655377,0.0
33.966,7.428058550498912,0.0
33.999,7.4676396917942265,0.0
34.033,7.507841288315269,0.0
34.066,7.547659805474478,0.0
34.099,7.5873469601347425,0.0
34.133,7.627396172737653,0.0
34.166,7.667142845164902,0.0
34.199,7.706726651552141,0.0
34.232,7.745834545518479,0.0
34.265,7.785070563646947,0.0
34.299,7.82494346903977,0.0
34.332,7.864618557662647,0.0
34.366,7.904929338416153,0.0
34.399,7.944375827269624,0.0
34.431,7.983051263135036,0.0
34.466,8.02349806940713,0.0
34.497,8.061955871026676,0.0
34.531,8.101818758965852,0.0
34.566,8.142574558590745,0.0
34.597,8.181138258243767,0.0
34.633,8.222310598836092,0.0
34.666,8.262518779205543,0.0
34.699,8.302361785261661,0.0
34.733,8.342386273855412,0.0
34.766,8.382098921582845,0.0
34.799,8.421564306803722,0.0
34.833,8.461804281040486,0.0
34.866,8.501659989118686,0.0
34.899,8.541004877612778,0.0
34.933,8.581168899427057,0.0
34.966,8.620845182595453,0.0
34.999,8.66045313984154,0.0
35.033,8.700776067722892,0.0
35.066,8.740331675476027,0.0
35.099,8.779863593217208,0.0
35.133,8.820030682261043,0.0
35.166,8.859839178965695,0.0
35.199,8.899522320470822,0.0
35.233,8.93955872405336,0.0
35.266,8.979287100408577,0.0
35.299,9.018837799410424,0.0
35.333,9.058567242624814,0.0
35.366,9.098016564726743,0.0
35.399,9.137185268381778,0.0
35.433,9.177279487903323,0.0
35.466,9.217011290109319,0.0
35.499,9.256157369356485,0.0
35.533,9.296174059335844,0.0
35.566,9.335661743497276,0.0
35.599,9.37517575462358,2.3257630784775496e-08
35.633,9.4154301263784,1.8797276466405792e-07
35.666,9.454829881178105,4.1360798502281574e-07
35.699,9.494282844440706,6.661872075145136e-07
35.733,9.534334680849675,9.336019686397449e-07
35.766,9.574076466471025,1.2663568033433437e-06
35.799,9.61372887843734,1.8984724964094107e-06
35.833,9.653660993453645,2.7976833957307242e-06
35.866,9.693334185013196,3.83501408118221e-06
35.899,9.732785049561004,5.0745150432854195e-06
35.933,9.773017424603944,6.5634563931626215e-06
35.966,9.812869920344621,8.55321867604133e-06
35.999,9.852189596483095,1.093815960033936e-05
36.033,9.892341716283875,1.3623805888295514e-05
36.066,9.932002553216115,1.6574354033460044e-05
36.099,9.971602684962596,1.979170552235445e-05
36.133,10.011922203663746,2.370794924495469e-05
36.166,10.051465842125303,2.8059281960522432e-05
36.199,10.09099128529347,3.268367849649084e-05
36.233,10.131135986879446,3.767292233150437e-05
36.266,10.170929362801335,4.285404835492723e-05
36.299,10.210606131446768,4.862152788137305e-05
36.333,10.25065158501639,5.496408973267329e-05
36.366,10.290359938440073,6.149874796835327e-05
36.399,10.329892893292897,6.824462136097136e-05
36.433,10.37016171482015,7.532556402259136e-05
36.466,10.41002864518822,8.291481328807173e-05
36.499,10.449460501634196,9.089723254849459e-05
36.533,10.489689253978685,9.92551250102133e-05
36.566,10.529452032322807,0.0001077036731972736
36.599,10.56858479688227,0.00011590875109960817
36.633,10.608598887196777,0.00012384348458681967
36.666,10.648069344376744,0.00013114187936676803
36.699,10.687538302103105,0.00013784408974806844
36.733,10.727747817766026,0.00014433042591875764
36.766,10.767104169420307,0.0001502655531987661
36.799,10.806499397286686,0.00015560272394130097
36.833,10.846481627897756,0.0001604023509281892
36.866,10.886183494368098,0.00016456213922507538
36.899,10.925800846691146,0.00016841016290042099
36.933,10.965653707244435,0.000171905543348877
36.966,11.0052755463565,0.00017480373203821007
36.999,11.044687769921513,0.00017714536247394504
37.033,11.084916145277298,0.00017901845521212993
37.066,11.124767108436373,0.00018066352757561274
37.099,11.164106744413075,0.00018210004877679435
37.133,11.204291164024877,0.00018308004971005683
37.166,11.243951630576118,0.00018359567673647962
37.199,11.283558140416677,0.00018365069271951748
37.233,11.323880345824453,0.00018355339370933318
37.266,11.363386256082372,0.00018327612545241962
37.299,11.402918949269976,0.00018244449770283728
37.333,11.443054205529558,0.00018116704640964374
37.366,11.482839978198358,0.00017950871790492446
37.399,11.522513964104473,0.00017820747255129301
37.433,11.562484454403497,0.00017716662035098535
37.466,11.602156915059393,0.00017561537780074095
37.499,11.641662024387315,0.00017387325869610307
37.533,11.681932110946418,0.00017228304897565322
37.566,11.72179982933076,0.00017263888399771975
37.599,11.761138863509096,0.00017473077814844992
37.63,11.799155846221772,0.00017708288679268254
37.664,11.838760315881352,0.00018052700224512993
37.699,11.879209493548828,0.00018383429359279376
37.733,11.919645761118357,0.00018369730098296164
37.766,11.959175436731023,0.00017902317692295073
37.798,11.997970062019837,0.00016759472031828892
37.833,12.038616607843966,0.00014582170197481484
37.866,12.078017568220055,0.00010916190791840247
37.896,12.115215732724188,5.096464786751897e-05
37.933,12.156373511029656,-5.9326632036825973e-05
37.966,12.196545471789001,-0.00022911068872003373
37.999,12.236291293205547,-0.0005039526099436587
38.033,12.276009665236572,-0.0009544361700130178
38.066,12.315453600005526,-0.0016338416118374048
38.099,12.354519418741988,-0.0025710439842253673
38.133,12.394543587707698,-0.0038550539582990753
38.166,12.434114955743045,-0.005496306311938953
38.199,12.47289674576194,-0.007535162800466391
38.233,12.512176766283686,-0.01012751044302236
38.266,12.550557287108774,-0.01323732628989534
38.299,12.588872367843624,-0.017006246931023254
38.333,12.627387027361303,-0.02155824555397127
38.366,12.66527978973487,-0.026850890945926596
38.399,12.702251966761008,-0.032894729870145675
38.433,12.738413322842614,-0.03974444397297419
38.466,12.773130732388841,-0.04726805769175854
38.499,12.806403175097964,-0.05545215108771043
38.533,12.838784018532532,-0.06442716213651938
38.566,12.869204182326303,-0.07378452707830208
38.599,12.897518578086366,-0.0833389600093936
38.633,12.924250441234495,-0.09314378038457563
38.666,12.94888055177656,-0.10285801247803841
38.699,12.971772048871147,-0.11249869008721544
38.733,12.99356430625605,-0.12224878871250511
38.766,13.013836670357257,-0.13182188471883952
38.799,13.032836297116766,-0.14125141367310046
38.833,13.051002115463927,-0.1506985983536723
38.866,13.067928877686409,-0.1598807989253329
38.899,13.085620578863507,-0.16989174390572892
38.933,13.10464326110893,-0.18115894612987432
38.966,13.123900584668515,-0.19308493917053876
38.999,13.142937508335038,-0.20540621830980083
39.033,13.161723221671632,-0.21810992054874484
39.066,13.179498953627371,-0.23063607751505089
39.099,13.198612672817216,-0.2446967089297743
39.133,13.219496167194752,-0.26082338222853496
39.166,13.240684003288838,-0.27799881346772815
39.199,13.26155812237244,-0.29576493358921696
39.232,13.28164450682991,-0.3137005936212383
39.266,13.301057816928633,-0.3318803699844592
39.299,13.320804395320701,-0.35127799228518064
39.333,13.341249908545407,-0.3724428845327328
39.366,13.361299254938134,-0.39430223692685445
39.399,13.380621886897512,-0.41649969891449407
39.433,13.399309264415107,-0.43913919509025146
39.466,13.41770339518669,-0.4626422328640512
39.499,13.435912478830693,-0.4872630562530925
39.533,13.45396845092817,-0.513161110252268
39.566,13.47108280576245,-0.5391961709434546
39.599,13.487794461227793,-0.5662307364410405
39.633,13.504328754282493,-0.5948186237692711
39.666,13.51997564445143,-0.6237742012831115
39.699,13.534634979623185,-0.6528850981531361
39.733,13.548853493743897,-0.6833430605892108
39.766,13.562187429106425,-0.7142708567078415
39.799,13.57455776816706,-0.7454953958216279
39.833,13.586039561350571,-0.7772427280720339
39.866,13.596573360890101,-0.8093045521698614
39.899,13.606179071601103,-0.841813641192031
39.933,13.61491107698329,-0.8750857031719143
39.966,13.622660559378495,-0.9087328652947826
39.999,13.629432881260026,-0.942951481684244
40.033,13.635223411240451,-0.9779936595068965
40.065,13.639883807205221,-1.0127692956540588
40.099,13.643543608355722,-1.0491066057340348
40.133,13.646048587508492,-1.0859724865569254
40.166,13.647367651263618,-1.1231998764250402
40.199,13.647446392939127,-1.1607311039110129
40.233,13.646161169844694,-1.200099095508039
40.266,13.64350221577976,-1.239508670688068
40.299,13.63948060926996,-1.2787297978749868
40.333,13.633959827699163,-1.3185724567206691
40.366,13.627111859771219,-1.357805554153562
40.399,13.618943160517702,-1.3966292898091475
40.433,13.609303893138382,-1.4357868995924052
40.466,13.598572937744548,-1.4741836790485998
40.499,13.586788986216359,-1.512089040466328
40.533,13.573775793496552,-1.5502725820751766
40.566,13.56000359306896,-1.5877063347515465
40.599,13.545486111836178,-1.6246571469968547
40.633,13.529986077189717,-1.6619056277365
40.666,13.51402516311282,-1.698465886071734
40.699,13.497590334998234,-1.734610119294027
40.733,13.480402547074235,-1.771115356292796
40.766,13.46301752574961,-1.8070247952833904
40.799,13.445399855274136,-1.8426105069201009
40.832,13.427577213618768,-1.8780087940343486
40.866,13.409268701333747,-1.9139439402486225
40.897,13.39173021759042,-1.9481525350447635
40.932,13.373198569504034,-1.9842372185871053
40.966,13.354657364480733,-2.020473526170341
40.999,13.33654671894608,-2.05617506572848
41.031,13.319067919272783,-2.0910961126377594
41.065,13.301401913814907,-2.1270842059701107
41.099,13.28391270828925,-2.163615704593399
41.133,13.266790486845784,-2.2005133897196587
41.166,13.250453105112248,-2.2370436488934446
41.197,13.23535455975945,-2.27225434563376
41.233,13.219843406143124,-2.3104626731051447
41.264,13.205946087585147,-2.346697710776766
41.299,13.192270936040977,-2.384952790821007
41.333,13.179435497678734,-2.42358469402659
41.362,13.16841906335085,-2.45907129353737
41.399,13.15701387401618,-2.498970072419378
41.433,13.146510215016647,-2.538676958386146
41.464,13.137309931930643,-2.5761246888020457
41.499,13.128351037799675,-2.6156985441223544
41.533,13.120006144411498,-2.655520496944371
41.566,13.11235541677354,-2.69481168660351
41.599,13.105258966118718,-2.7339425809332285
41.633,13.098583217073202,-2.7735370802812236
41.666,13.09242552731703,-2.812839236558169
41.699,13.08671665899315,-2.8520395165520425
41.733,13.081316350028969,-2.8919913262742463
41.766,13.076341713192399,-2.93156443128081
41.799,13.071755589950525,-2.9707570391597358
41.833,13.067408038250264,-3.0107435915789305
41.866,13.063398551909252,-3.0503189468778076
41.899,13.05967005542506,-3.0898028845237393
41.933,13.056136176089224,-3.129990804004172
41.966,13.052892187578173,-3.16948591261776
41.999,13.049866373165244,-3.2089483982457416
42.033,13.046992896884216,-3.2490852141774553
42.066,13.04435878701798,-3.2883509807250038
42.099,13.041894479263274,-3.327618832817122
42.133,13.039553745970572,-3.3674389805118796
42.166,13.037370817754548,-3.4070465480753716
42.199,13.03532673509701,-3.4465617962498656
42.233,13.033395981638735,-3.4863135631859477
42.266,13.031593354014472,-3.5258266300752625
42.299,13.029908448607944,-3.565087213785413
42.333,13.028292623609095,-3.605181183594289
42.366,13.026785155956187,-3.6449180994361705
42.399,13.02538493388606,-3.6840760903046466
42.433,13.024039735815482,-3.7240925979967257
42.466,13.022786732122304,-3.763602727177555
42.499,13.02160544683614,-3.8031194479827883
42.533,13.020471776620273,-3.843370830079584
42.566,13.01942303398853,-3.882782281681866
42.599,13.01843269659096,-3.9222322847444167
42.633,13.017483975027552,-3.962264103033528
42.666,13.01659406189869,-4.002005669085644
42.699,13.015755034979932,-4.041639655725222
42.733,13.014956528984133,-4.081536030860484
42.766,13.014206201808497,-4.121186458217995
42.799,13.013499800302153,-4.160605212554749
42.833,13.012818450640573,-4.200825047064739
42.866,13.012179308213256,-4.240663153851928
42.899,13.011581756719803,-4.27995495490731
42.933,13.01100469101932,-4.3200737454210625
42.966,13.010464100160837,-4.359697979063583
42.999,13.00995259541529,-4.399262189761282
43.033,13.009459092502276,-4.4395659325097885
43.066,13.008999958136386,-4.479060687127276
43.099,13.008564933813414,-4.518531005407412
43.132,13.008152841866796,-4.55788532388221
43.166,13.007754053219317,-4.5980594227852665
43.199,13.007378724175275,-4.637887864179266
43.233,13.00702081414316,-4.677890340525237
43.266,13.006683806381323,-4.717568232208725
43.299,13.00636524982475,-4.757033573950273
43.333,13.006056791262605,-4.797285043034353
43.366,13.005766565621862,-4.8371448029650495
43.399,13.005494229375675,-4.876473041607502
43.433,13.005230149181084,-4.91665389006992
43.464,13.004990457213689,-4.954900453036759
43.499,13.004749967218158,-4.995351202540762
43.533,13.004520129808977,-5.036010914061902
43.566,13.004306521191255,-5.075707491431519
43.599,13.00410398747162,-5.115301456054983
43.633,13.003908647423765,-5.155453925388699
43.666,13.003724428772511,-5.195244967875655
43.699,13.003549607801224,-5.234920988833999
43.733,13.003381995415022,-5.274894536668837
43.766,13.003223527197475,-5.314615695554563
43.799,13.003073427354128,-5.354110195521617
43.833,13.002927858932251,-5.394376124893434
43.866,13.002790569483324,-5.4342421239979055
43.899,13.002661340324805,-5.47362558593509
43.932,13.002537936662087,-5.513126986374922
43.966,13.002418496464987,-5.553283783142295
43.999,13.002305723071139,-5.593082461263266
44.031,13.00220044307906,-5.632041592542949
44.066,13.002096372773991,-5.672523036774715
44.099,13.001998701524005,-5.712406155179682
44.133,13.001904717055968,-5.752705557553389
44.166,13.001816142055336,-5.7925668422605865
44.199,13.001732085103733,-5.832271077069776
44.233,13.001651332671827,-5.872306444230774
44.266,13.001575023869641,-5.9120326970275645
44.299,13.001502608177255,-5.951577971672225
44.333,13.00143239826544,-5.991854112072973
44.365,13.001367310415787,-6.031004231941701
44.398,13.001305288360271,-6.070142452765735
44.433,13.001243840124843,-6.110930582861321
44.464,13.001188391570622,-6.149466518234592
44.496,13.001136262492935,-6.187418694209107
44.533,13.001082070660171,-6.228992546924616
44.566,13.001032267419065,-6.269009175996991
44.596000000000004,13.00098760480697,-6.306574970512066
44.633,13.00094073688561,-6.34817710662718
44.663,13.000900028149903,-6.385965634390443
44.699,13.00085831170281,-6.426806911370392
44.733,13.000818943287603,-6.467292718729912
44.766,13.000782030903501,-6.507211715783351
44.799,13.000747276950545,-6.546868912858338
44.833,13.000714205371128,-6.586680341816057
44.866,13.000683032677902,-6.626225302176466
44.899,13.000653613601639,-6.6654885429404835
44.933,13.000625130617141,-6.705628862188302
44.966,13.000598553481307,-6.74538999166735
44.999,13.000573842956577,-6.784567278155517
45.033,13.000550006958807,-6.824610673162406
45.066,13.00052776048917,-6.864133068422969
45.099,13.000506781085402,-6.903663844868989
45.133,13.000486928172434,-6.943919118023723
45.166,13.000468776743425,-6.983323666979047
45.199,13.000451730921418,-7.022792866060202
45.233,13.000435535296578,-7.062845627524659
45.266,13.000420512699048,-7.102600805988748
45.299,13.00040681844763,-7.142236574948605
45.333,13.000394156879324,-7.182123068269309
45.366,13.000382447450114,-7.2217727616464895
45.399,13.000371621621216,-7.261179930296118
45.433,13.000361392550486,-7.301390621216074
45.466,13.000352332381476,-7.341221309207144
45.499,13.000344265740768,-7.380486166911409
45.533,13.000336679038153,-7.420609835360104
45.566,13.000329776638656,-7.460217970883779
45.599,13.000323425733887,-7.4997907421835475
45.633,13.000317818875043,-7.5400992711928225
45.666,13.000312940921482,-7.579590547956929
45.699,13.000308399394747,-7.6190876854978535
45.733,13.000304123825053,-7.659173553283609
45.766,13.00030015980876,-7.698939630939248
45.799,13.000296821513896,-7.7386055869055
45.833,13.000293924820209,-7.778574420132426
45.866,13.000291244217081,-7.818251557706347
45.899,13.000288682223083,-7.857704037813534
45.933,13.000286182050974,-7.897941087409015
45.966,13.000284031607677,-7.937795457514692
45.999,13.000282054029423,-7.9771273119944155
46.033,13.000279951398614,-8.017283965027108
46.066,13.000277792304647,-8.056937389508569
46.099,13.00027547011171,-8.096533098260748
46.133,13.00027312404015,-8.136850931326878
46.166,13.00027076045135,-8.176388928275545
46.199,13.000268067745342,-8.215896675231596
46.233,13.000265076641996,-8.256034173281408
46.266,13.000261831096614,-8.295825453703383
46.299,13.000258678676476,-8.335501635451294
46.333,13.000255479094836,-8.375500953009848
46.366,13.000251852355131,-8.415182982993432
46.399,13.00024792947264,-8.45468054777534
46.433,13.000243741316647,-8.494947281595628
46.466,13.000240177713085,-8.534813636513679
46.499,13.000237167904626,-8.57419429202343
46.533,13.000233850128858,-8.614398066484922
46.565,13.00023062797555,-8.653387311930306
46.599,13.000227372331366,-8.693425235192125
46.633,13.000225891661394,-8.733920103424921
46.666,13.000226155190981,-8.773517336570752
46.699,13.000226522551781,-8.813049938551817
46.733,13.000227375847775,-8.85318555636106
46.766,13.000228705116456,-8.892973310610733
46.799,13.00023273905008,-8.932648174618318
46.833,13.00023773004784,-8.972580932287684
46.866,13.000238239739712,-9.012253893921304
46.899,13.000229613729328,-9.05174233765996
46.933,13.000202279449116,-9.092005429392422
46.966,13.000145411505443,-9.131870366674757
46.999,13.000044338749973,-9.1711551404068
47.033,12.99987039929972,-9.211301440621458
47.066,12.99959882820264,-9.250908873496936
47.098,12.999192875348715,-9.289762526417732
47.133,12.99854753120411,-9.330499058652187
47.166,12.997652294750367,-9.370067296164557
47.199,12.996422221785755,-9.40953892704675
47.233,12.994767927606109,-9.449370944568553
47.266,12.992636507027186,-9.489001169873436
47.298,12.990018772651013,-9.52760163348827
47.333,12.986667462942346,-9.567188011338377
47.366,12.982707401884204,-9.605703029673428
47.398,12.978196108317569,-9.642500912004145
47.432,12.97276804643554,-9.679839985168249
47.466,12.96649718384217,-9.716697713519284
47.499,12.959461768751972,-9.752480830779227
47.533,12.951497138191801,-9.78773712640507
47.563,12.943487946238346,-9.819260270931792
47.599,12.934185598343035,-9.85166466228029
47.633,12.92449452291586,-9.882171571413181
47.666,12.914802441533858,-9.910086979524298
47.699,12.905098049333727,-9.935909567243772
47.732,12.89544041092368,-9.959858568171079
47.764,12.886011251242984,-9.981827506010585
47.798,12.876387291167426,-10.00297037517342
47.831,12.86691344283377,-10.022726662866418
47.864,12.857569805652258,-10.041295289220539
47.899,12.848043601665172,-10.059371160628094
47.933,12.838731323300951,-10.076316209604874
47.966,12.828653229175607,-10.093909919697879
47.999,12.817579728139997,-10.112408025926232
48.033,12.805541367544276,-10.131629446741416
48.066,12.793212553583514,-10.15048094570129
48.099,12.780778328210374,-10.16870449765235
48.133,12.768173990782149,-10.186424635184627
48.166,12.754115533950927,-10.205375929155739
48.199,12.738339017215832,-10.225666167095397
48.233,12.72101747192503,-10.24687302949746
48.266,12.703230494311738,-10.267629737620279
48.299,12.685319144433151,-10.2875579343706
48.333,12.667223586053215,-10.306759831890101
48.366,12.647940636579142,-10.32627534080724
48.399,12.627262913070926,-10.346165788460475
48.433,12.605225010425016,-10.366267837557615
48.466,12.582978964662733,-10.385534377331215
48.499,12.560748066734597,-10.403816032375996
48.533,12.53695514141931,-10.422345540918636
48.566,12.512213770610993,-10.44056391234879
48.599,12.486757262361667,-10.458252497240334
48.633,12.460438946412129,-10.475468106550665
48.666,12.433300448722637,-10.492164137359039
48.699,12.405200429826786,-10.50835744357707
48.733,12.375919787098036,-10.524098601455776
48.766,12.346703671329564,-10.538739479403176
48.799,12.316752873735512,-10.552673933387307
48.833,12.285472887450348,-10.566086341348516
48.866,12.25411712298292,-10.578443999915704
48.899,12.222851083681446,-10.589709399553621
48.933,12.190433568279595,-10.600293908895392
48.966,12.157777870242553,-10.609881956219958
48.999,12.125035320068267,-10.618434338865455
49.033,12.090923661139875,-10.626222747262258
49.066,12.05651827344047,-10.632968466069709
49.099,12.022016771674728,-10.638626459685906
49.133,11.986101175849324,-10.643341492194097
49.166,11.949955474463211,-10.646917495522878
49.199,11.912498213709387,-10.649381812717166
49.233,11.873444206132472,-10.65059202418864
49.266,11.834622406572969,-10.65047783544998
49.299,11.795460386815638,-10.649011386896305
49.333,11.755432332167407,-10.646076914757327
49.366,11.716019398088088,-10.641803947688249
49.399,11.676847115011855,-10.6361624448264
49.433,11.637200624586427,-10.629004077272576
49.466,11.598237276164472,-10.620604965495582
49.499,11.559734998957449,-10.610999580180216
49.533,11.520918416567023,-10.600049745295077
49.566,11.482847441804795,-10.58817280364934
49.599,11.445259859734534,-10.575403538778707
49.633,11.407368282485542,-10.56153384133437
49.666,11.370200246204528,-10.547058111302487
49.699,11.333475923867043,-10.531975501382378
49.733,11.296401902991432,-10.516031777209417
49.766,11.259977712908057,-10.49976270793351
49.799,11.223919627950666,-10.483141777517663
49.833,11.187435078737153,-10.46588357982557
49.866,11.15150200197856,-10.448550580584792
49.899,11.115836099323765,-10.431099484545094
49.933,11.079645454199866,-10.413229425043035
49.966,11.043899300790944,-10.395512960878673
49.999,11.008303643174788,-10.377895080340007
50.033,10.972088325924505,-10.360088522871596
50.066,10.936210152135349,-10.342653475820335
50.099,10.900375036028159,-10.325534866398261
50.133,10.863809509024664,-10.308466021173155
50.166,10.827485614770183,-10.291986830280553
50.199,10.79111245165626,-10.276052095416102
50.233,10.753909480907911,-10.260430462346957
50.266,10.716875649508705,-10.245627698851763
50.299,10.679726894891106,-10.231609444453774
50.333,10.641674527767229,-10.218169605073872
50.366,10.603775672586615,-10.20570560804929
50.399,10.56579417502401,-10.19411183397963
50.433,10.527026448772016,-10.183134909866126
50.466,10.488472032876292,-10.17298220081624
50.499,10.449913563802777,-10.163516167274338
50.533,10.410578064869544,-10.15448727158958
50.566,10.37157305753637,-10.146080643870144
50.599,10.332762029065245,-10.138218116236573
50.632,10.293875900677449,-10.130803568294462
50.666,10.254200808773517,-10.1236604683672
50.699,10.215211568846854,-10.116986807120721
50.733,10.175495676111487,-10.110537718263842
50.766,10.136240927743074,-10.10450039558337
50.797,10.098449368255377,-10.099003603451365
50.831,10.059061418286106,-10.093616354633657
50.865,10.019345722458425,-10.088504424504013
50.898,9.979921816308234,-10.083730805452657
50.931,9.940663773092037,-10.07925630922446
50.966,9.89993029034559,-10.074900022961938
50.999,9.85998632425531,-10.070878700084787
51.033,9.819982985559903,-10.067093376832887
51.065,9.781080274476114,-10.063625584199198
51.099,9.741269397831724,-10.060286078054489
51.133,9.700966542260083,-10.057102375866236
51.164,9.662582550160064,-10.05423665912279
51.199,9.622430691628804,-10.051414349429376
51.233,9.58199260978063,-10.048734239778952
51.266,9.54225988213463,-10.046246122823838
51.299,9.502669690058836,-10.043904927397737
51.333,9.462388951188467,-10.041656807793494
51.366,9.42290222505393,-10.03957151499508
51.399,9.383429540050624,-10.03760083027251
51.433,9.343348740520458,-10.035708759794538
51.466,9.303601846055809,-10.033932516295064
51.499,9.263962938163239,-10.032255097284764
51.533,9.224002269198035,-10.030654067168408
51.566,9.184362994348518,-10.02914965313778
51.599,9.14490861987193,-10.027730061205018
51.633,9.10468777916062,-10.0263595386473
51.666,9.064851211686332,-10.025072156957155
51.699,9.025505748019492,-10.02386519228299
51.733,8.985349236915884,-10.022698205568986
51.766,8.945674648525134,-10.021603116896133
51.799,8.906073779088729,-10.020565403345394
51.833,8.86576069940218,-10.019563442159729
51.866,8.826213265382373,-10.018629104723983
51.899,8.786690707777518,-10.017742543043354
51.933,8.746525787045533,-10.016887088378866
51.966,8.706723869210936,-10.016081225987858
51.999,8.667047471584013,-10.015317833517656
52.033,8.627009700548005,-10.014585923141027
52.066,8.587286975953077,-10.013895622993243
52.099,8.547763744620868,-10.013242205326534
52.133,8.507508916465238,-10.012609758460592
52.166,8.467649734755124,-10.012013973005235
52.199,8.428274140434052,-10.01145364905493
52.233,8.38810516327544,-10.010910418180357
52.266,8.348390705944844,-10.010398998350531
52.299,8.30876424966284,-10.009913287670201
52.333,8.26843547577219,-10.009443202406125
52.366,8.228852892754714,-10.009003641741868
52.399,8.189297436967863,-10.008585536028297
52.433,8.149096708152092,-10.008181102219215
52.466,8.109273321983483,-10.00779943766667
52.499,8.06958513250429,-10.00743718266024
52.533,8.029527326827399,-10.007089137304433
52.566,7.98977995693595,-10.006760161865149
52.599,7.950221135973766,-10.006448121934778
52.633,7.910502162534316,-10.00614949169945
52.666,7.8710804986767355,-10.005866950980941
52.699,7.8319352971778695,-10.005599240357498
52.733,7.791840576660006,-10.005338046815483
52.766,7.752119795840542,-10.005091170741212
52.799,7.7129868912665,-10.004859003109289
52.833,7.673049890714323,-10.004633261868946
52.866,7.633620288519781,-10.004420548670417
52.899,7.594159239283988,-10.004217542349878
52.933,7.553955959390836,-10.004020438278724
52.966,7.514564441254835,-10.003836072329523
52.999,7.475172484123378,-10.003660272877227
53.033,7.435255092982798,-10.003490382510298
53.066,7.395599048292658,-10.00332936918526
53.099,7.356019677144339,-10.003176081939529
53.133,7.316216175657328,-10.003029058447359
53.166,7.2766683546154765,-10.002889736871456
53.199,7.23730776674248,-10.002757414626473
53.233,7.197103454040989,-10.002628616555604
53.266,7.157288082300847,-10.002506941688864
53.299,7.118041233053835,-10.00239248318835
53.333,7.07789864791885,-10.00228094355835
53.366,7.038289825684549,-10.00217589652725
53.399,6.998734268863201,-10.002075835851684
53.433,6.9584457458974445,-10.001978766610332
53.466,6.91901380678226,-10.0018880987231
53.499,6.879558548367342,-10.00180161064056
53.533,6.8395169258651745,-10.001717967621898
53.566,6.799770734233913,-10.001638802167523
53.599,6.760114324582425,-10.001563564133672
53.633,6.7202036591392815,-10.001491470638056
53.666,6.680552529443366,-10.001423234582276
53.699,6.6411285870800345,-10.001358611977171
53.733,6.60089466558791,-10.001295897617608
53.766,6.5610414403576875,-10.001236901572696
53.799,6.5217295313576,-10.001181605012496
53.832,6.482289439422129,-10.00112887063758
53.866,6.442206287561364,-10.00107799589771
53.899,6.402427310241217,-10.001030040125247
53.933,6.362036050718816,-10.000984024622426
53.966,6.322477512089391,-10.00094136947295
53.997,6.284371088664363,-10.00090233434464
54.033,6.243361101703319,-10.000862702234663
54.066,6.203220343925319,-10.000825981478318
54.098,6.164124407680824,-10.000792390154263
54.133,6.123636707580331,-10.000759839673414
54.166,6.083734907865798,-10.000729602542306
54.197,6.04559635372938,-10.00070234496648
54.232,6.005176154247172,-10.000675271943233
54.265,5.965248613542952,-10.000650499050845
54.299,5.925101857956609,-10.000627465765115
54.333,5.884650276072238,-10.000605819580942
54.366,5.844859553534018,-10.000585975258627
54.399,5.805205995728816,-10.000567525395693
54.433,5.7648651977128775,-10.000550408996332
54.465,5.726020452692019,-10.00053526185282
54.499,5.686066699848835,-10.00052079400013
54.533,5.6457317364103705,-10.000507276326893
54.565,5.606578405045685,-10.000495075524709
54.599,5.566437639570401,-10.000483871492673
54.633,5.52622957016646,-10.000473774750537
54.666,5.486436145436217,-10.00046453218685
54.699,5.446891251311772,-10.000456056175764
54.733,5.406618035196849,-10.00044802060178
54.766,5.3667493208299355,-10.000441000157803
54.799,5.327366991913429,-10.0004348333517
54.833,5.287183454402509,-10.000428953211749
54.866,5.247475244435717,-10.000423536659163
54.899,5.207850960616452,-10.00041841155337
54.933,5.167521772229264,-10.00041379820699
54.966,5.127947826611683,-10.000409716127656
54.999,5.088395373870213,-10.000405811988127
55.033,5.048211899268769,-10.000401913645378
55.066,5.00839575402657,-10.00039802011529
55.099,4.9687097490930965,-10.000394324332238
55.134,4.9279527206306595,-10.000390583550452
55.166,4.888656444574583,-10.000386761534743
55.199,4.849289346958326,-10.000382760875226
55.233,4.8090794141837545,-10.000378425634409
55.266,4.769235854562005,-10.00037419061584
55.299,4.729830911615672,-10.000369978988733
55.333,4.689634930972275,-10.000365327560342
55.366,4.649899230973775,-10.000360504552434
55.399,4.6102605445690585,-10.000355483765748
55.433,4.569925413447475,-10.000350735338728
55.466,4.530330639855846,-10.000346391417224
55.499,4.49077816927198,-10.000341815111435
55.533,4.4505703440983435,-10.000337125326602
55.566,4.411313433232223,-10.000332003557975
55.599,4.372038765216313,-10.000325221165891
55.633,4.33222871994739,-10.00031671253091
55.666,4.292610377422411,-10.000306612528703
55.699,4.253075816625409,-10.000296469365477
55.733,4.2133211473099275,-10.000286066704556
55.766,4.173814082120016,-10.000273833894557
55.799,4.13458181013441,-10.00026016294732
55.833,4.0944701664741405,-10.000244445851314
55.866,4.054727921422054,-10.000229061592652
55.899,4.015629068653363,-10.000212381926207
55.933,3.9756449241779537,-10.00018806835911
55.966,3.9362277821042158,-10.00015195487601
55.999,3.8967493780792246,-10.000095065133436
56.033,3.856539132571803,-10.000002702813187
56.066,3.8172625943982,-9.99986366020904
56.099,3.7779842331674907,-9.99965468697086
56.133,3.738188404364825,-9.999331424897985
56.166,3.6986078741192796,-9.998848326812066
56.199,3.659124215203881,-9.998150247077751
56.233,3.6195425027771053,-9.997170650363524
56.266,3.580377736906749,-9.99586795975582
56.299,3.5416769615371533,-9.994190567896167
56.332,3.5027096100246244,-9.992030896088348
56.366,3.4632193685593315,-9.989272752450141
56.399,3.4249337653629106,-9.985990161479924
56.433,3.386589141382506,-9.981999680785723
56.466,3.3495249235427007,-9.977405770445172
56.499,3.313129141231716,-9.972092868211679
56.533,3.277119044854176,-9.965959392661677
56.566,3.2420205041275896,-9.959065934771575
56.598,3.2085236088173534,-9.951559475191537
56.633,3.1751365496076014,-9.943050382121253
56.666,3.143900263882321,-9.934148789253793
56.699,3.1146318807519906,-9.924931342661347
56.733,3.0869440097667953,-9.915393319176584
56.766,3.0613713773598383,-9.905865496839333
56.799,3.0375380027459107,-9.89633824298427
56.833,3.0151061973275928,-9.886779464562936
56.866,2.994398170471128,-9.87744147408795
56.899,2.9751173118074226,-9.86828548545662
56.933,2.9567693157115214,-9.859142095535768
56.966,2.939718696399183,-9.850268641505359
56.999,2.9237184775997402,-9.841597386974968
57.032,2.906695409774873,-9.83198841843606
57.066,2.888357660127056,-9.82117208491677
57.099,2.8697587503168935,-9.809719040489988
57.133,2.8510305193578187,-9.797673546032161
57.165,2.8333398303584088,-9.785823273639956
57.199,2.8159468318529566,-9.773683767930835
57.232,2.7971381820616177,-9.759997494398245
57.266,2.7766068813623193,-9.744330299212463
57.299,2.755689177730398,-9.72758639811645
57.332,2.735001002818979,-9.710211715544954
57.366,2.714680077589331,-9.692299466409832
57.399,2.695646600400009,-9.67473383443922
57.433,2.675869237600341,-9.655580346596883
57.464,2.6564765466640727,-9.6358623465689
57.499,2.6360538832877993,-9.61394451790358
57.53,2.6171699914960276,-9.592664110903131
57.566,2.5978849035062344,-9.569700820262176
57.597,2.5798823135059568,-9.547175069528679
57.633,2.560701894146886,-9.521692065002016
57.664,2.543084316194304,-9.496967910644685
57.699,2.5253855676230605,-9.470553306517196
57.733,2.508028835428867,-9.443003664204399
57.763,2.4922481097618325,-9.416391891293529
57.799,2.4758745566386935,-9.386735072597203
57.833,2.4605235500577183,-9.35690083717931
57.866,2.4461035267827986,-9.326746989215872
57.899,2.432520312675983,-9.296018389854801
57.933,2.4196743602769577,-9.264380486059114
57.963,2.4086027115499693,-9.234785890446734
57.999,2.397493832435392,-9.201974348058446
58.033,2.3873241812962425,-9.168626475887791
58.066,2.3783451109250673,-9.135673515372162
58.099,2.3703060563024962,-9.102174570406792
58.133,2.3631322593145443,-9.067465426768452
58.166,2.357098671843355,-9.032914147304282
58.199,2.3520866274308814,-8.997728374900392
58.233,2.3481067095599215,-8.961315482799549
58.266,2.345316335816556,-8.925158534688084
58.299,2.3436725820105995,-8.888345518406208
58.333,2.3432619926072267,-8.850400509744617
58.366,2.344148960053949,-8.81165937690301
58.399,2.3464089300325117,-8.772480185462129
58.433,2.350133404179722,-8.732639199501673
58.466,2.35520339388346,-8.693238867242382
58.499,2.361637301556581,-8.654137231689127
58.533,2.3695710022283296,-8.614611667667889
58.566,2.3787000141350827,-8.575807115502226
58.599,2.3889816598036315,-8.537478437051028
58.633,2.4005715802648835,-8.498839124323084
58.666,2.4130281094465706,-8.460955272474227
58.699,2.426332305895921,-8.423547792164104
58.733,2.4406890835725337,-8.385841422001416
58.766,2.455598607242831,-8.348849099782242
58.799,2.4710748932351,-8.312280644019568
58.833,2.487369107610202,-8.275365021489879
58.866,2.5039411229012596,-8.239082206927291
58.899,2.5208291815857367,-8.203139401938103
58.933,2.538312948973082,-8.166768112192758
58.966,2.555834995742871,-8.13092080645805
58.999,2.5734356520700117,-8.095323834617167
59.033,2.5914126089274774,-8.059197113762588
59.066,2.609203165301133,-8.023483256854782
59.099,2.626852976411742,-7.987911044719263
59.133,2.644653260970084,-7.951697759936426
59.166,2.6620499705126752,-7.915790987099095
59.199,2.6790870276776206,-7.879923033412045
59.233,2.6960318171246973,-7.843304096625987
59.266,2.7123539753245796,-7.806899414467628
59.299,2.728085784560344,-7.770443659180147
59.333,2.743459011597706,-7.7331293174735
59.366,2.757972531835377,-7.69597664682118
59.399,2.771674794739924,-7.658708688919818
59.433,2.7848149011859302,-7.6205504916184434
59.466,2.7970476101456123,-7.582575025564553
59.499,2.808472470372789,-7.544640024506142
59.533,2.8193835946471233,-7.505854953793152
59.566,2.8295133131531065,-7.467291433923421
59.599,2.83892602552631,-7.4287188219894125
59.633,2.847790685406435,-7.389347120936086
59.666,2.855869062933787,-7.35046705443933
59.699,2.863325187123859,-7.311573545136113
59.733,2.8703516850938815,-7.271910484822212
59.766,2.8768244572024155,-7.232574619039681
59.799,2.8828482942306666,-7.193330118153008
59.833,2.8885596485694878,-7.1536638077643335
59.866,2.893912690905761,-7.114295438205463
59.899,2.898988626192537,-7.0750512508872525
59.933,2.903910940502855,-7.0350518417845205
59.966,2.908545557515815,-6.995442282888918
59.999,2.9129042799909057,-6.9562536236809684
60.033,2.917124041579203,-6.916248932951527
60.066,2.9210883090410555,-6.876710180369784
60.099,2.924847511358448,-6.837248231310612
60.133,2.9284806853329437,-6.797076194566138
60.166,2.931872556739238,-6.757632379466733
60.199,2.9350921730666935,-6.718219915408345
60.233,2.938199276506549,-6.678184471316567
60.266,2.9411291943422624,-6.6384883068433265
60.299,2.9439079146582836,-6.598904372850775
60.333,2.946571442917935,-6.559005283436968
60.366,2.9490841742703933,-6.519427164494768
60.399,2.9514652749081742,-6.480020981757327
60.433,2.9537738411615893,-6.4398380360141285
60.466,2.955949794519796,-6.400038151983432
60.499,2.957996642917258,-6.3607219965051165
60.533,2.9599814357208176,-6.320620930812016
60.566,2.9618494348567763,-6.281002547015698
60.599,2.9636255426877662,-6.241441726834992
60.633,2.9653460258459914,-6.201158413332844
60.664,2.9669004742565197,-6.163051612170981
60.699,2.9684632700793196,-6.122719524377084
60.731,2.969906090325404,-6.0837051178592185
60.766,2.9713388101757747,-6.0429498502759404
60.798,2.9726578718472503,-6.003620071272213
60.832,2.9739312856639035,-5.96375305819523
60.866,2.9751573763708934,-5.923416852716667
60.899,2.976308395563913,-5.883707628254241
60.933,2.9774211104976596,-5.843379679461483
60.964,2.978434236633598,-5.804936015716547
60.999,2.9794426694080443,-5.764733116826925
61.033,2.980410636119282,-5.724221954845969
61.066,2.9813172299210366,-5.684452684414026
61.099,2.98217856730599,-5.644819247863456
61.133,2.9830133938789296,-5.6044910168161906
61.164,2.983767251045404,-5.566408892431437
61.199,2.9845269318094987,-5.52606775935867
61.233,2.9852527633478534,-5.485653924399119
61.266,2.985936141453249,-5.445761038688206
61.299,2.9865847177641744,-5.406057177717489
61.333,2.9872067716349173,-5.366118513058714
61.366,2.987795930656109,-5.32644733781828
61.399,2.9883545708775903,-5.287030136097656
61.433,2.9888977767158367,-5.246809943525757
61.466,2.9894109868977954,-5.20698485339348
61.499,2.9898939869567984,-5.167721909360658
61.533,2.990363937634748,-5.127617521261069
61.566,2.990806817374767,-5.088027456145392
61.595,2.9911996889523,-5.051353418568079
61.633,2.9916270054391876,-5.009325258034654
61.666,2.992017189010226,-4.969161730824293
61.699,2.9923853226212866,-4.929413497248098
61.733,2.992739808487311,-4.889263329222386
61.766,2.9930748970050494,-4.849477644484303
61.799,2.993393378632597,-4.809838740590282
61.833,2.9936989762880293,-4.76995433543717
61.866,2.993988622576418,-4.730324254385462
61.899,2.994263255236807,-4.690956854730865
61.933,2.9945304120943392,-4.650775579964145
61.966,2.994782945407639,-4.6109839830499055
61.999,2.995020484596939,-4.571771941759557
62.033,2.995251736962649,-4.5317022208530275
62.066,2.9954695438239263,-4.492172492536514
62.099,2.9956773457857224,-4.452639469834027
62.133,2.995879034907766,-4.4123873148621575
62.166,2.996067466739731,-4.3729985876868485
62.199,2.9962471958884036,-4.333606292648177
62.233,2.9964210483677416,-4.29364831239649
62.266,2.996585903405367,-4.253945378778939
62.299,2.996742747982099,-4.214353655064325
62.333,2.996893326310404,-4.17450257192546
62.366,2.9970360167014567,-4.134919926883807
62.399,2.9971712822089414,-4.095610624160228
62.433,2.9973030098393236,-4.055448992950808
62.466,2.9974275007541733,-4.015680731239866
62.499,2.9975446250852693,-3.976488325149839
62.533,2.997658627493612,-3.9364577133677283
62.566,2.997765960994034,-3.896978471176695
62.599,2.9978684472801516,-3.857470017166875
62.633,2.997967897641364,-3.817247202348389
62.666,2.998060841406008,-3.7778775966713614
62.699,2.998149483635612,-3.73851987313162
62.733,2.998235203441332,-3.6986077096880137
62.766,2.998316530886515,-3.6589270425490588
62.799,2.9983939109939906,-3.6193570424145163
62.833,2.998468118892689,-3.5795644472732775
62.866,2.998538487030245,-3.540030841663378
62.899,2.998605220510484,-3.5007451692044285
62.933,2.998670262726099,-3.4605755205197806
62.966,2.9987316922249154,-3.4208114767571183
62.999,2.998789434175655,-3.3816530039604706
63.033,2.9988456912902786,-3.341633056900791
63.066,2.9988986245771456,-3.3021859163626583
63.099,2.9989491634657233,-3.2627155577110187
63.133,2.9989982246164075,-3.222522043459227
63.166,2.999044063589552,-3.18317904587491
63.199,2.999087767998274,-3.1438753885429644
63.233,2.999130009192725,-3.104031012260407
63.266,2.9991701194116445,-3.064392306787628
63.299,2.999208295066017,-3.024845500994625
63.333,2.999244884645348,-2.985103877407265
63.366,2.999279571233442,-2.945636074953988
63.399,2.9993124685725956,-2.9064140562453664
63.433,2.999344580491136,-2.8662718224842387
63.466,2.9993749143754598,-2.8265252272056776
63.499,2.999403442268708,-2.7873509274125583
63.534,2.99943168918779,-2.7466410582508862
63.566,2.9994575258648055,-2.7076713041508285
63.599,2.99948238852096,-2.6683777270428637
63.633,2.9995065872789253,-2.6282573004510033
63.666,2.999529194891024,-2.5889969020303147
63.699,2.9995507806282764,-2.549742303357196
63.733,2.9995716529203422,-2.509936945455171
63.766,2.9995915179533617,-2.4702706395174427
63.799,2.9996104228154152,-2.4307129425236482
63.832,2.9996282370008407,-2.391675332989325
63.866,2.999645600905004,-2.351810597847205
63.899,2.9996619664917423,-2.312457587924233
63.933,2.9996779059343925,-2.27230001238514
63.966,2.999692970102488,-2.2325435899298487
63.999,2.9997071123516372,-2.193445029458496
64.031,2.9997204196796723,-2.154996189367072
64.064,2.999733237474539,-2.11619967479015
64.096,2.9997454021903613,-2.0777273874882685
64.133,2.999758035794114,-2.0357372553080735
64.164,2.9997691707974727,-1.9970735831573694
64.199,2.9997802881525404,-1.956632723758315
64.23,2.9997903381345647,-1.918452456376706
64.264,2.9998003149795123,-1.878798233937947
64.299,2.999810162567975,-1.8377865171236527
64.333,2.999819422711397,-1.797427917187749
64.365,2.9998280016490266,-1.7584543477281143
64.396,2.9998359288889196,-1.7208907313381219
64.433,2.9998443120769682,-1.679320371185388
64.466,2.9998521007028844,-1.6389996905061994
64.499,2.9998593679710783,-1.5996724397756417
64.533,2.9998664431810993,-1.5597201403940377
64.566,2.99987310797854,-1.5204092427071019
64.599,2.999879520064864,-1.4809878339134372
64.633,2.9998857707246627,-1.44082269046325
64.666,2.999891647413052,-1.4016244216679095
64.699,2.999897430734719,-1.3625056596909064
64.733,2.9999032409290276,-1.3229002519781625
64.766,2.99990901585306,-1.2834560018557923
64.799,2.999914660826815,-1.2440476758973151
64.833,2.999920105429169,-1.2045613054273683
64.866,2.999925284027138,-1.16541481953
64.898,2.999930082859253,-1.1273342050792934
64.933,2.99993488851827,-1.0871450331816699
64.966,2.999939376705841,-1.0474710533660803
64.999,2.999943515731691,-1.0086517930198018
65.033,2.99994754594354,-0.96914027842118
65.066,2.999951427599597,-0.9302800547043368
65.099,2.9999553036090534,-0.8912564023080111
65.133,2.9999592443341774,-0.85140880971453
65.166,2.9999630082961537,-0.8127630474655818
65.199,2.999966616450841,-0.7742552430312357
65.233,2.9999700409027366,-0.7353518625818087
65.266,2.9999732388312617,-0.6964874461986683
65.299,2.9999761931729236,-0.6576199563795102
65.333,2.9999790189609907,-0.6177469548333654
65.366,2.9999817348329416,-0.5781940317729644
65.399,2.999982702976619,-0.5599851619386493
65.433,2.999983095900517,-0.5527022793399523
65.466,2.9999832584209294,-0.549788565616707
65.499,2.9999833285611865,-0.5486225423269673
65.533,2.999983361607246,-0.5481567668007341
65.566,2.9999833795423285,-0.5479699389012533
65.599,2.999983391240187,-0.5478947111922622
65.633,2.9999834003133845,-0.5478652232843685
65.666,2.9999834080253702,-0.5478540659259983
65.699,2.999983415123903,-0.5478487574471202
65.733,2.9999834219053323,-0.5478461232547975
65.766,2.9999834282824525,-0.5478446355148948
65.799,2.999983434371014,-0.547843282129064
65.833,2.999983440324682,-0.5478416268255524
65.866,2.9999834458897894,-0.5478412589358785
65.899,2.999983451234045,-0.5478404309185475
65.933,2.999983456326376,-0.5478412841037821
65.966,2.999983461230661,-0.5478409624523021
65.999,2.999983465881732,-0.5478411020778582
66.033,2.9999834704214905,-0.5478410743798259
66.066,2.999983474765983,-0.547840450375984
66.099,2.9999834788339204,-0.5478410274165362
66.133,2.9999834827853733,-0.5478417306330856
66.166,2.9999834865791857,-0.5478416938257497
66.199,2.999983490183757,-0.5478419051536242
66.233,2.999983493602487,-0.5478434656011463
66.266,2.999983496940434,-0.5478435090995863
66.299,2.999983500098481,-0.5478439668468701
66.333,2.9999835031325657,-0.5478450213072894
66.366,2.999983506101821,-0.5478446445320153
66.399,2.999983508973361,-0.5478437279597494
66.433,2.9999835117703975,-0.5478428202642815
66.466,2.999983514436499,-0.5478417493866756
66.499,2.999983516972197,-0.5478408618921424
66.533,2.9999835192653483,-0.5478426142717794
66.566,2.999983521550072,-0.5478426317543936
66.599,2.9999835237616512,-0.5478421894971742
66.633,2.9999835258205296,-0.5478431654270534
66.664,2.999983527711866,-0.547843965248894
66.699,2.9999835296104136,-0.5478449411129485
66.733,2.999983531454019,-0.5478456115091728
66.766,2.9999835332473985,-0.5478454363977021
66.799,2.9999835349408714,-0.5478454864208948
66.833,2.9999835365724463,-0.5478457707144204
66.866,2.999983538145468,-0.5478456438143342
66.899,2.999983539577184,-0.5478465563606094
66.933,2.999983541013446,-0.5478468155949183
66.966,2.9999835424117007,-0.5478465180578872
66.999,2.9999835437180207,-0.5478466547773315
67.033,2.999983544991032,-0.547846772208181
67.066,2.9999835462172233,-0.5478465978187881
67.099,2.9999835473650607,-0.5478467667579338
67.13,2.9999835484130086,-0.5478471123144321
67.166,2.9999835494694858,-0.5478478298020399
67.199,2.9999835505097794,-0.5478477552184439
67.232,2.9999835514440383,-0.5478484841863118
67.266,2.9999835523960834,-0.5478485335723025
67.298,2.999983553305769,-0.5478482334309018
